ring_size,brainpoolP160r1,secp192r1,secp224r1,secp256r1
8,0.07173483612496057,0.05668407199846115,0.057572301437176066,0.07616737837452092
16,0.08468726718638209,0.09658909787322045,0.11612698937460664,0.15155635481278296
32,0.16246948787375004,0.2041447040028288,0.24156535643487587,0.269041734001803
64,0.31128344293756527,0.36611475818790495,0.4593903581262566,0.5733936952492513
