ring_size,brainpoolP160r1,secp192r1,secp224r1,secp256r1
8,0.04261835028137284,0.04501427495324606,0.05594455473419657,0.06631152353111247
16,0.07319505018767813,0.09077411853104422,0.11333569387534226,0.13026586093747028
32,0.14482341592156445,0.1845351953907084,0.22689716256263637,0.2614893765157831
64,0.29006395320357115,0.3743497349687459,0.4439117740939764,0.5340522763435729
