ring_size,brainpoolP160r1,secp192r1,secp224r1,secp256r1
8,0.03962965246864769,0.048507536234865256,0.0630664171094395,0.07200159206240642
16,0.0775880079536364,0.09882579785971757,0.11752913382770203,0.1381796686719099
32,0.1504748302813823,0.1912790810001752,0.23346934953133314,0.27218434603128117
64,0.3009189842032356,0.3815668597972035,0.4569039285306644,0.5411026491401572
