ring_size,brainpoolP160r1,secp192r1,secp224r1,secp256r1
8,0.3417041020002216,0.41475064199767075,0.5054818639910081,0.6296522839984391
16,0.6571572469983948,0.8303226610005368,0.9875283290020889,1.2316040820005583
32,1.2849903129972517,1.6092474970064359,1.961141038002097,2.4177347299992107
64,2.5811167209903942,3.182577369007049,3.9404136769881006,4.722288288001437
